Submarine,Country,Type,Tier,Weapon Category,Weapon Family,Weapon Variant,Slot,Compatibility,Source
CN_SSBN_Type092,China,SSBN,5,SLBM,CN_SLBM_JL1,CN_SLBM_JL1,SLBM,CONFIRMED,该级战略武器。
CN_SSBN_Type092,China,SSBN,5,TORP,CN_TORP_Yu3,CN_TORP_Yu3,TORPEDO,CONFIRMED,自卫鱼雷。
CN_SSBN_Type094,China,SSBN,8,SLBM,CN_SLBM_JL2,CN_SLBM_JL2,SLBM,CONFIRMED,该级战略武器。
CN_SSBN_Type094,China,SSBN,8,TORP,CN_TORP_Yu6,CN_TORP_Yu6,TORPEDO,PROBABLE,自卫鱼雷。
CN_SSBN_Type094,China,SSBN,8,TORP,CN_TORP_Yu7,CN_TORP_Yu7,TORPEDO,PROBABLE,自卫轻型反潜鱼雷。
CN_SSBN_Type094A,China,SSBN,9,SLBM,CN_SLBM_JL2,CN_SLBM_JL2,SLBM,CONFIRMED,该级战略武器。
CN_SSBN_Type094A,China,SSBN,9,TORP,CN_TORP_Yu6,CN_TORP_Yu6,TORPEDO,PROBABLE,自卫鱼雷。
CN_SSBN_Type094A,China,SSBN,9,TORP,CN_TORP_Yu7,CN_TORP_Yu7,TORPEDO,GAMEPLAY,游戏内补充轻型反潜选项。
CN_SSBN_Type096,China,SSBN,10,SLBM,CN_SLBM_JL3,CN_SLBM_JL3,SLBM,CONFIRMED,公开资料显示该级配套新一代潜射弹道导弹。
CN_SSBN_Type096,China,SSBN,10,TORP,CN_TORP_Yu7,CN_TORP_Yu7,TORPEDO,GAMEPLAY,计划型号，游戏内补充轻型反潜选项。
CN_SSN_Type091,China,SSN,4,TORP,CN_TORP_Yu1,CN_TORP_Yu1,TORPEDO,PROBABLE,早期仿制蒸汽鱼雷，逐艇资料不完整。
CN_SSN_Type091,China,SSN,4,TORP,CN_TORP_Yu3,CN_TORP_Yu3,TORPEDO,CONFIRMED,主力电动声自导鱼雷。
CN_SSN_Type091,China,SSN,4,TORP,CN_TORP_Yu3,CN_TORP_Yu4,TORPEDO,PROBABLE,同代热动力鱼雷。
CN_SSN_Type093,China,SSN,7,ASM,CN_ASM_YJ8,CN_ASM_YJ8,MISSILE,PROBABLE,公开资料显示早期批次具备潜射反舰导弹能力。
CN_SSN_Type093,China,SSN,7,ASW,CN_ASW_CY1,CN_ASW_CY1,MISSILE,PROBABLE,公开资料显示具备潜射反潜导弹能力。
CN_SSN_Type093,China,SSN,7,TORP,CN_TORP_Yu3,CN_TORP_Yu3,TORPEDO,CONFIRMED,主力鱼雷。
CN_SSN_Type093,China,SSN,7,TORP,CN_TORP_Yu3,CN_TORP_Yu4,TORPEDO,PROBABLE,同代热动力鱼雷。
CN_SSN_Type093,China,SSN,7,TORP,CN_TORP_Yu6,CN_TORP_Yu6,TORPEDO,PROBABLE,后期批次换装现代鱼雷。
CN_SSN_Type093A,China,SSN,8,ASM,CN_ASM_YJ18,CN_ASM_YJ18,VLS,PROBABLE,公开资料显示后续批次具备该型导弹能力。
CN_SSN_Type093A,China,SSN,8,ASM,CN_ASM_YJ8,CN_ASM_YJ8,MISSILE,CONFIRMED,潜射反舰巡航导弹。
CN_SSN_Type093A,China,SSN,8,ASW,CN_ASW_CY1,CN_ASW_CY1,MISSILE,PROBABLE,潜射反潜导弹。
CN_SSN_Type093A,China,SSN,8,TORP,CN_TORP_Yu6,CN_TORP_Yu6,TORPEDO,CONFIRMED,现役主力鱼雷。
CN_SSN_Type093B,China,SSN,9,ASM,CN_ASM_YJ18,CN_ASM_YJ18,VLS,CONFIRMED,垂直发射系统载荷。
CN_SSN_Type093B,China,SSN,9,LAM,CN_ASM_YJ18,CN_LAM_YJ18_LandAttack,VLS,PROBABLE,对陆攻击分支。
CN_SSN_Type093B,China,SSN,9,TORP,CN_TORP_Yu6,CN_TORP_Yu6,TORPEDO,CONFIRMED,现役主力鱼雷。
CN_SSN_Type093B,China,SSN,9,TORP,CN_TORP_Yu7,CN_TORP_Yu7,TORPEDO,PROBABLE,轻型反潜鱼雷。
CN_SSN_Type095,China,SSN,10,ASM,CN_ASM_YJ18,CN_ASM_YJ18,VLS,GAMEPLAY,计划型号，游戏内按现役同类武器配置。
CN_SSN_Type095,China,SSN,10,LAM,CN_ASM_YJ18,CN_LAM_YJ18_LandAttack,VLS,GAMEPLAY,计划型号，游戏内按现役同类武器配置。
CN_SSN_Type095,China,SSN,10,TORP,CN_TORP_Yu6,CN_TORP_Yu6,TORPEDO,PROBABLE,现役鱼雷的延续型号。
FR_SSBN_LeRedoutable,France,SSBN,4,ASM,FR_ASM_Exocet_SM39,FR_ASM_Exocet_SM39,MISSILE,PROBABLE,自卫反舰导弹。
FR_SSBN_LeRedoutable,France,SSBN,4,SLBM,FR_SLBM_M2,FR_SLBM_M20,SLBM,PROBABLE,早期批次战略武器。
FR_SSBN_LeRedoutable,France,SSBN,4,SLBM,FR_SLBM_M4,FR_SLBM_M4,SLBM,CONFIRMED,该级后期主力战略武器。
FR_SSBN_LeRedoutable,France,SSBN,4,SLBM,FR_SLBM_M4,FR_SLBM_M45,SLBM,UNKNOWN,M45 主要与后一级配套，对应关系不确定。
FR_SSBN_LeRedoutable,France,SSBN,4,TORP,FR_TORP_L5,FR_TORP_L5_Mod3,TORPEDO,CONFIRMED,自卫鱼雷。
FR_SSBN_LeTriomphant,France,SSBN,8,ASM,FR_ASM_Exocet_SM39,FR_ASM_Exocet_SM39,MISSILE,PROBABLE,自卫反舰导弹。
FR_SSBN_LeTriomphant,France,SSBN,8,SLBM,FR_SLBM_M4,FR_SLBM_M45,SLBM,CONFIRMED,早期批次战略武器。
FR_SSBN_LeTriomphant,France,SSBN,8,SLBM,FR_SLBM_M51,FR_SLBM_M51,SLBM,CONFIRMED,换装后现役战略武器。
FR_SSBN_LeTriomphant,France,SSBN,8,TORP,FR_TORP_F17,FR_TORP_F17,TORPEDO,PROBABLE,早期批次自卫鱼雷。
FR_SSBN_LeTriomphant,France,SSBN,8,TORP,FR_TORP_F21,FR_TORP_F21,TORPEDO,CONFIRMED,自卫鱼雷。
FR_SSBN_SNLE3G,France,SSBN,10,ASM,FR_ASM_Exocet_SM39,FR_ASM_Exocet_SM39,MISSILE,PROBABLE,预计沿用现役反舰导弹。
FR_SSBN_SNLE3G,France,SSBN,10,SLBM,FR_SLBM_M51,FR_SLBM_M51,SLBM,CONFIRMED,公开资料确认将搭载 M51 系列导弹。
FR_SSBN_SNLE3G,France,SSBN,10,TORP,FR_TORP_F21,FR_TORP_F21,TORPEDO,PROBABLE,预计沿用现役鱼雷。
FR_SSN_Rubis,France,SSN,6,ASM,FR_ASM_Exocet_SM39,FR_ASM_Exocet_SM39,MISSILE,CONFIRMED,经发射管布放的潜射反舰导弹。
FR_SSN_Rubis,France,SSN,6,TORP,FR_TORP_F17,FR_TORP_F17,TORPEDO,PROBABLE,重型热动力鱼雷。
FR_SSN_Rubis,France,SSN,6,TORP,FR_TORP_F21,FR_TORP_F21,TORPEDO,PROBABLE,现代化改装批次。
FR_SSN_Rubis,France,SSN,6,TORP,FR_TORP_L5,FR_TORP_L5_Mod3,TORPEDO,CONFIRMED,服役初期主力鱼雷。
FR_SSN_Rubis,France,SSN,6,TORP,FR_TORP_L5,FR_TORP_L5_Mod4,TORPEDO,PROBABLE,后期换装改进型。
FR_SSN_Suffren,France,SSN,9,ASM,FR_ASM_Exocet_SM39,FR_ASM_Exocet_SM39,MISSILE,CONFIRMED,潜射反舰导弹。
FR_SSN_Suffren,France,SSN,9,LAM,FR_LAM_MdCN,FR_LAM_MdCN,MISSILE,CONFIRMED,现役对陆攻击巡航导弹，经发射管布放。
FR_SSN_Suffren,France,SSN,9,TORP,FR_TORP_F17,FR_TORP_F17,TORPEDO,PROBABLE,同代重型鱼雷。
FR_SSN_Suffren,France,SSN,9,TORP,FR_TORP_F21,FR_TORP_F21,TORPEDO,CONFIRMED,现役主力重型鱼雷。
IN_SSBN_Arighaat,India,SSBN,8,SLBM,IN_SLBM_K15,IN_SLBM_K15,SLBM,PROBABLE,早期批次。
IN_SSBN_Arighaat,India,SSBN,8,SLBM,IN_SLBM_K4,IN_SLBM_K4,SLBM,CONFIRMED,该级战略武器。
IN_SSBN_Arighaat,India,SSBN,8,TORP,IN_TORP_Varunastra,IN_TORP_Varunastra,TORPEDO,PROBABLE,自卫鱼雷。
IN_SSBN_Arihant,India,SSBN,7,SLBM,IN_SLBM_K15,IN_SLBM_K15,SLBM,CONFIRMED,首艇批次战略武器。
IN_SSBN_Arihant,India,SSBN,7,SLBM,IN_SLBM_K4,IN_SLBM_K4,SLBM,PROBABLE,后续批次换装中程型号。
IN_SSBN_Arihant,India,SSBN,7,TORP,IN_TORP_TAL,IN_TORP_TAL,,PROBABLE,自卫鱼雷。
IN_SSBN_Arihant,India,SSBN,7,TORP,IN_TORP_Varunastra,IN_TORP_Varunastra,TORPEDO,PROBABLE,国产重型鱼雷。
IN_SSBN_S4,India,SSBN,9,SLBM,IN_SLBM_K4,IN_SLBM_K4,SLBM,CONFIRMED,该级战略武器。
IN_SSBN_S4,India,SSBN,9,SLBM,IN_SLBM_K5,IN_SLBM_K5,SLBM,GAMEPLAY,下一代计划型号，游戏内作为进阶节点。
IN_SSBN_S4,India,SSBN,9,TORP,IN_TORP_Varunastra,IN_TORP_Varunastra,TORPEDO,PROBABLE,自卫鱼雷。
IN_SSBN_S5,India,SSBN,10,SLBM,IN_SLBM_K4,IN_SLBM_K4,SLBM,PROBABLE,过渡批次。
IN_SSBN_S5,India,SSBN,10,SLBM,IN_SLBM_K5,IN_SLBM_K5,SLBM,GAMEPLAY,计划型号，游戏内作为顶级战略节点。
IN_SSBN_S5,India,SSBN,10,TORP,IN_TORP_Varunastra,IN_TORP_Varunastra,TORPEDO,PROBABLE,自卫鱼雷。
RU_SSBN_Borei,Russia,SSBN,9,DECOY,RU_DECOY_MG74,RU_DECOY_MG74,TORPEDO,PROBABLE,自卫诱饵。
RU_SSBN_Borei,Russia,SSBN,9,SLBM,RU_SLBM_R30,RU_SLBM_R30_Bulava,SLBM,CONFIRMED,该级唯一战略武器。
RU_SSBN_Borei,Russia,SSBN,9,TORP,RU_TORP_UGST,RU_TORP_UGST,TORPEDO,PROBABLE,自卫重型鱼雷。
RU_SSBN_Borei,Russia,SSBN,9,TORP,RU_TORP_USET80,RU_TORP_USET80K,TORPEDO,PROBABLE,自卫鱼雷。
RU_SSBN_BoreiA,Russia,SSBN,10,DECOY,RU_DECOY_MG74,RU_DECOY_MG74,TORPEDO,PROBABLE,自卫诱饵。
RU_SSBN_BoreiA,Russia,SSBN,10,SLBM,RU_SLBM_R30,RU_SLBM_R30_Bulava,SLBM,CONFIRMED,该级唯一战略武器。
RU_SSBN_BoreiA,Russia,SSBN,10,TORP,RU_TORP_Fizik,RU_TORP_Fizik,TORPEDO,PROBABLE,新一代自卫鱼雷。
RU_SSBN_BoreiA,Russia,SSBN,10,TORP,RU_TORP_UGST,RU_TORP_UGST_M,TORPEDO,PROBABLE,自卫重型鱼雷。
RU_SSBN_DeltaI,Russia,SSBN,5,SLBM,RU_SLBM_R29,RU_SLBM_R29,SLBM,CONFIRMED,该级主力战略武器。
RU_SSBN_DeltaI,Russia,SSBN,5,TORP,RU_TORP_SET53,RU_TORP_SET65,TORPEDO,CONFIRMED,自卫鱼雷。
RU_SSBN_DeltaII,Russia,SSBN,5,SLBM,RU_SLBM_R29,RU_SLBM_R29,SLBM,CONFIRMED,早期批次武器。
RU_SSBN_DeltaII,Russia,SSBN,5,SLBM,RU_SLBM_R29,RU_SLBM_R29R,SLBM,PROBABLE,后期批次分导式型号。
RU_SSBN_DeltaII,Russia,SSBN,5,TORP,RU_TORP_5365,RU_TORP_5365K,TORPEDO,PROBABLE,自卫反舰鱼雷。
RU_SSBN_DeltaII,Russia,SSBN,5,TORP,RU_TORP_SET53,RU_TORP_SET65,TORPEDO,CONFIRMED,自卫鱼雷。
RU_SSBN_DeltaIII,Russia,SSBN,6,ASW,RU_ASW_Vodopad,RU_ASW_Vodopad,MISSILE,PROBABLE,自卫反潜导弹。
RU_SSBN_DeltaIII,Russia,SSBN,6,SLBM,RU_SLBM_R29,RU_SLBM_R29R,SLBM,CONFIRMED,该级主力战略武器。
RU_SSBN_DeltaIII,Russia,SSBN,6,SLBM,RU_SLBM_R29,RU_SLBM_R29RM,SLBM,PROBABLE,后期批次改装更远程型号。
RU_SSBN_DeltaIII,Russia,SSBN,6,TORP,RU_TORP_USET80,RU_TORP_USET80,TORPEDO,PROBABLE,自卫鱼雷。
RU_SSBN_DeltaIV,Russia,SSBN,7,ASW,RU_ASW_Vodopad,RU_ASW_Vodopad,MISSILE,PROBABLE,自卫反潜导弹。
RU_SSBN_DeltaIV,Russia,SSBN,7,DECOY,RU_DECOY_MG74,RU_DECOY_MG74,TORPEDO,PROBABLE,自卫诱饵。
RU_SSBN_DeltaIV,Russia,SSBN,7,SLBM,RU_SLBM_R29,RU_SLBM_R29RM,SLBM,CONFIRMED,该级主力战略武器。
RU_SSBN_DeltaIV,Russia,SSBN,7,SLBM,RU_SLBM_R29,RU_SLBM_R29RMU2_Liner,SLBM,PROBABLE,同族后续批次。
RU_SSBN_DeltaIV,Russia,SSBN,7,SLBM,RU_SLBM_R29,RU_SLBM_R29RMU2_Sineva,SLBM,CONFIRMED,换装改进型。
RU_SSBN_DeltaIV,Russia,SSBN,7,TORP,RU_TORP_TEST71,RU_TORP_TEST71M,TORPEDO,PROBABLE,自卫线导鱼雷。
RU_SSBN_DeltaIV,Russia,SSBN,7,TORP,RU_TORP_USET80,RU_TORP_USET80,TORPEDO,PROBABLE,自卫鱼雷。
RU_SSBN_Hotel,Russia,SSBN,2,SLBM,RU_SLBM_R13,RU_SLBM_R13,SLBM,CONFIRMED,首代苏联潜射弹道导弹。
RU_SSBN_Hotel,Russia,SSBN,2,SLBM,RU_SLBM_R21,RU_SLBM_R21,SLBM,PROBABLE,后期改装批次使用 R-21。
RU_SSBN_Hotel,Russia,SSBN,2,TORP,RU_TORP_SET53,RU_TORP_SET53,TORPEDO,CONFIRMED,自卫鱼雷。
RU_SSBN_Typhoon,Russia,SSBN,8,ASW,RU_ASW_Vodopad,RU_ASW_Vodopad,MISSILE,CONFIRMED,自卫反潜导弹。
RU_SSBN_Typhoon,Russia,SSBN,8,SLBM,RU_SLBM_R29,RU_SLBM_R29RM,SLBM,PROBABLE,该级真实主力型号 R-39 尚未进入武器库，当前以同代 R-29RM 作为科技树占位并标记 PROBABLE。
RU_SSBN_Typhoon,Russia,SSBN,8,TORP,RU_TORP_SET53,RU_TORP_SET65,TORPEDO,CONFIRMED,自卫鱼雷。
RU_SSBN_Typhoon,Russia,SSBN,8,TORP,RU_TORP_Shkval,RU_TORP_Shkval,TORPEDO,PROBABLE,公开资料显示具备该型鱼雷发射能力。
RU_SSBN_Typhoon,Russia,SSBN,8,TORP,RU_TORP_USET80,RU_TORP_USET80,TORPEDO,PROBABLE,后期换装通用鱼雷。
RU_SSBN_Yankee,Russia,SSBN,4,SLBM,RU_SLBM_R27,RU_SLBM_R27,SLBM,CONFIRMED,该级主力战略武器。
RU_SSBN_Yankee,Russia,SSBN,4,SLBM,RU_SLBM_R29,RU_SLBM_R29,SLBM,UNKNOWN,部分艇只改装为其他用途，武器对应关系不确定。
RU_SSBN_Yankee,Russia,SSBN,4,TORP,RU_TORP_5365,RU_TORP_5365K,TORPEDO,PROBABLE,自卫反舰鱼雷。
RU_SSBN_Yankee,Russia,SSBN,4,TORP,RU_TORP_SET53,RU_TORP_SET65,TORPEDO,CONFIRMED,自卫鱼雷。
RU_SSN_Akula,Russia,SSN,7,ASM,RU_MISSILE_Kalibr,RU_ASM_Kalibr_3M54,VLS,PROBABLE,改进批次可经发射管布放巡航导弹。
RU_SSN_Akula,Russia,SSN,7,ASW,RU_ASW_Vodopad,RU_ASW_Vodopad,MISSILE,CONFIRMED,反潜导弹发射能力。
RU_SSN_Akula,Russia,SSN,7,DECOY,RU_DECOY_MG74,RU_DECOY_MG74,TORPEDO,PROBABLE,自航式声学诱饵。
RU_SSN_Akula,Russia,SSN,7,LAM,RU_LAM_Granat,RU_LAM_Granat,MISSILE,PROBABLE,经发射管布放的早期对陆攻击巡航导弹。
RU_SSN_Akula,Russia,SSN,7,TORP,RU_TORP_6576,RU_TORP_6576,TORPEDO,CONFIRMED,650 毫米重型鱼雷。
RU_SSN_Akula,Russia,SSN,7,TORP,RU_TORP_Shkval,RU_TORP_Shkval,TORPEDO,PROBABLE,公开资料显示具备该型鱼雷发射能力。
RU_SSN_Akula,Russia,SSN,7,TORP,RU_TORP_TEST71,RU_TORP_TEST71M,TORPEDO,CONFIRMED,线导反潜鱼雷。
RU_SSN_Akula,Russia,SSN,7,TORP,RU_TORP_UGST,RU_TORP_UGST,TORPEDO,PROBABLE,现代化改装批次。
RU_SSN_Akula,Russia,SSN,7,TORP,RU_TORP_USET80,RU_TORP_USET80,TORPEDO,CONFIRMED,主力通用鱼雷。
RU_SSN_November,Russia,SSN,2,TORP,RU_TORP_5365,RU_TORP_5365K,TORPEDO,PROBABLE,同代反舰鱼雷，逐艇资料不完整。
RU_SSN_November,Russia,SSN,2,TORP,RU_TORP_5365,RU_TORP_5365M,TORPEDO,PROBABLE,同代反舰鱼雷，逐艇资料不完整。
RU_SSN_November,Russia,SSN,2,TORP,RU_TORP_SET53,RU_TORP_SET53,TORPEDO,CONFIRMED,早期电动反潜鱼雷。
RU_SSN_November,Russia,SSN,2,TORP,RU_TORP_SET53,RU_TORP_SET65,TORPEDO,PROBABLE,后期批次换装。
RU_SSN_Sierra,Russia,SSN,6,ASM,RU_ASM_P700,RU_ASM_P700,VLS,PROBABLE,后期批次反舰导弹能力，公开资料不完整。
RU_SSN_Sierra,Russia,SSN,6,ASW,RU_ASW_Vodopad,RU_ASW_Vodopad,MISSILE,CONFIRMED,反潜导弹发射能力。
RU_SSN_Sierra,Russia,SSN,6,TORP,RU_TORP_6576,RU_TORP_6576,TORPEDO,CONFIRMED,650 毫米重型鱼雷。
RU_SSN_Sierra,Russia,SSN,6,TORP,RU_TORP_Shkval,RU_TORP_Shkval,TORPEDO,PROBABLE,公开资料显示部分艇只有该型高速鱼雷。
RU_SSN_Sierra,Russia,SSN,6,TORP,RU_TORP_TEST71,RU_TORP_TEST71M,TORPEDO,CONFIRMED,线导反潜鱼雷。
RU_SSN_Sierra,Russia,SSN,6,TORP,RU_TORP_UGST,RU_TORP_UGST,TORPEDO,PROBABLE,现代化改装后可能换装。
RU_SSN_Sierra,Russia,SSN,6,TORP,RU_TORP_USET80,RU_TORP_USET80,TORPEDO,CONFIRMED,主力通用鱼雷。
RU_SSN_Victor,Russia,SSN,4,ASM,RU_ASM_P70,RU_ASM_P70,MISSILE,PROBABLE,公开资料显示后期批次可用发射管布放该型反舰导弹。
RU_SSN_Victor,Russia,SSN,4,ASW,RU_ASW_Vodopad,RU_ASW_Vodopad,MISSILE,PROBABLE,后期批次具备反潜导弹能力。
RU_SSN_Victor,Russia,SSN,4,DECOY,RU_DECOY_MG74,RU_DECOY_MG74,TORPEDO,PROBABLE,自航式声学诱饵。
RU_SSN_Victor,Russia,SSN,4,TORP,RU_TORP_5365,RU_TORP_5365K,TORPEDO,CONFIRMED,反舰尾流自导鱼雷。
RU_SSN_Victor,Russia,SSN,4,TORP,RU_TORP_6576,RU_TORP_6576,TORPEDO,PROBABLE,部分艇只有 650 毫米发射管。
RU_SSN_Victor,Russia,SSN,4,TORP,RU_TORP_SET53,RU_TORP_SET65,TORPEDO,CONFIRMED,主力电动鱼雷。
RU_SSN_Victor,Russia,SSN,4,TORP,RU_TORP_TEST71,RU_TORP_TEST71,TORPEDO,CONFIRMED,线导反潜鱼雷。
RU_SSN_Victor,Russia,SSN,4,TORP,RU_TORP_USET80,RU_TORP_USET80,TORPEDO,PROBABLE,后期批次换装通用鱼雷。
RU_SSN_Yasen,Russia,SSN,9,ASM,RU_MISSILE_Kalibr,RU_ASM_Kalibr_3M54,VLS,CONFIRMED,垂直发射系统的标准载荷。
RU_SSN_Yasen,Russia,SSN,9,ASM,RU_ASM_Oniks,RU_ASM_Oniks,VLS,CONFIRMED,超音速反舰导弹。
RU_SSN_Yasen,Russia,SSN,9,ASM,RU_ASM_Zircon,RU_ASM_Zircon,VLS,PROBABLE,公开资料显示该级参与过新型高超音速导弹试验。
RU_SSN_Yasen,Russia,SSN,9,DECOY,RU_DECOY_MG74,RU_DECOY_MG74,TORPEDO,PROBABLE,自航式声学诱饵。
RU_SSN_Yasen,Russia,SSN,9,LAM,RU_MISSILE_Kalibr,RU_LAM_Kalibr_3M14,VLS,CONFIRMED,对陆攻击巡航导弹。
RU_SSN_Yasen,Russia,SSN,9,TORP,RU_TORP_Fizik,RU_TORP_Fizik,TORPEDO,PROBABLE,新一代鱼雷，公开资料仍在更新。
RU_SSN_Yasen,Russia,SSN,9,TORP,RU_TORP_Shkval,RU_TORP_Shkval,TORPEDO,PROBABLE,发射管兼容性公开资料有限。
RU_SSN_Yasen,Russia,SSN,9,TORP,RU_TORP_UGST,RU_TORP_UGST,TORPEDO,CONFIRMED,现役主力重型鱼雷。
RU_SSN_Yasen,Russia,SSN,9,TORP,RU_TORP_USET80,RU_TORP_USET80K,TORPEDO,PROBABLE,同代通用鱼雷。
RU_SSN_YasenM,Russia,SSN,10,ASM,RU_MISSILE_Kalibr,RU_ASM_Kalibr_3M54,VLS,CONFIRMED,垂直发射系统载荷。
RU_SSN_YasenM,Russia,SSN,10,ASM,RU_ASM_Oniks,RU_ASM_Oniks,VLS,CONFIRMED,超音速反舰导弹。
RU_SSN_YasenM,Russia,SSN,10,ASM,RU_ASM_Zircon,RU_ASM_Zircon,VLS,PROBABLE,新一代高超音速导弹，逐艇资料仍在更新。
RU_SSN_YasenM,Russia,SSN,10,DECOY,RU_DECOY_MG74,RU_DECOY_MG74,TORPEDO,PROBABLE,自航式声学诱饵。
RU_SSN_YasenM,Russia,SSN,10,LAM,RU_MISSILE_Kalibr,RU_LAM_Kalibr_3M14,VLS,CONFIRMED,对陆攻击巡航导弹。
RU_SSN_YasenM,Russia,SSN,10,TORP,RU_TORP_Fizik,RU_TORP_Fizik,TORPEDO,PROBABLE,新一代鱼雷。
RU_SSN_YasenM,Russia,SSN,10,TORP,RU_TORP_UGST,RU_TORP_UGST_M,TORPEDO,CONFIRMED,改进型重型鱼雷。
UK_SSBN_Dreadnought,UK,SSBN,10,DECOY,UK_DECOY_SSE_Mk3,UK_DECOY_SSE_Mk3,TORPEDO,PROBABLE,自卫对抗装置。
UK_SSBN_Dreadnought,UK,SSBN,10,SLBM,US_SLBM_Trident,US_SLBM_Trident_D5LE,SLBM,CONFIRMED,公开资料确认将搭载延寿型三叉戟，共用美制武器 ID。
UK_SSBN_Dreadnought,UK,SSBN,10,TORP,UK_TORP_Spearfish,UK_TORP_Spearfish_Mod1,TORPEDO,PROBABLE,预计沿用现役鱼雷。
UK_SSBN_Resolution,UK,SSBN,4,SLBM,US_SLBM_Polaris,US_SLBM_Polaris_A3,SLBM,CONFIRMED,英国使用美制北极星 A3（A3TK 构型），共用同一武器 ID。
UK_SSBN_Resolution,UK,SSBN,4,TORP,UK_TORP_Mk8,UK_TORP_Mk8,TORPEDO,CONFIRMED,自卫鱼雷。
UK_SSBN_Resolution,UK,SSBN,4,TORP,UK_TORP_Tigerfish,UK_TORP_Tigerfish,TORPEDO,PROBABLE,后期换装。
UK_SSBN_Vanguard,UK,SSBN,8,SLBM,US_SLBM_Trident,US_SLBM_Trident_D5,SLBM,CONFIRMED,英国使用美制三叉戟 II D5，共用同一武器 ID。
UK_SSBN_Vanguard,UK,SSBN,8,SLBM,US_SLBM_Trident,US_SLBM_Trident_D5LE,SLBM,PROBABLE,延寿批次。
UK_SSBN_Vanguard,UK,SSBN,8,TORP,UK_TORP_Spearfish,UK_TORP_Spearfish,TORPEDO,CONFIRMED,自卫鱼雷。
UK_SSBN_Vanguard,UK,SSBN,8,TORP,UK_TORP_StingRay,UK_TORP_StingRay,TORPEDO,GAMEPLAY,游戏内补充轻型反潜选项。
UK_SSN_AUKUS,UK,SSN,10,LAM,US_LAM_Tomahawk,US_LAM_Tomahawk_BlockV,VLS,PROBABLE,预计与现役批次同族。
UK_SSN_AUKUS,UK,SSN,10,TORP,UK_TORP_Spearfish,UK_TORP_Spearfish_Mod1,TORPEDO,PROBABLE,预计沿用现役鱼雷。
UK_SSN_AUKUS,UK,SSN,10,TORP,UK_TORP_StingRay,UK_TORP_StingRay,TORPEDO,GAMEPLAY,计划型号，游戏内补充轻型反潜选项。
UK_SSN_Astute,UK,SSN,9,DECOY,UK_DECOY_SSE_Mk3,UK_DECOY_SSE_Mk3,TORPEDO,PROBABLE,潜用信号发射器。
UK_SSN_Astute,UK,SSN,9,LAM,US_LAM_Tomahawk,US_LAM_Tomahawk_BlockIII,VLS,PROBABLE,早期批次。
UK_SSN_Astute,UK,SSN,9,LAM,US_LAM_Tomahawk,US_LAM_Tomahawk_BlockIV,VLS,CONFIRMED,现役对陆攻击巡航导弹。
UK_SSN_Astute,UK,SSN,9,LAM,US_LAM_Tomahawk,US_LAM_Tomahawk_BlockV,VLS,PROBABLE,后续采购批次。
UK_SSN_Astute,UK,SSN,9,TORP,UK_TORP_Spearfish,UK_TORP_Spearfish,TORPEDO,CONFIRMED,现役主力重型鱼雷。
UK_SSN_Astute,UK,SSN,9,TORP,UK_TORP_Spearfish,UK_TORP_Spearfish_Mod1,TORPEDO,CONFIRMED,现役升级批次。
UK_SSN_Astute,UK,SSN,9,TORP,UK_TORP_StingRay,UK_TORP_StingRay,TORPEDO,GAMEPLAY,公开资料以反潜机与水面舰为主，潜艇发射为游戏内假设。
UK_SSN_Dreadnought,UK,SSN,2,TORP,UK_TORP_Mk8,UK_TORP_Mk8,TORPEDO,CONFIRMED,服役初期主力鱼雷。
UK_SSN_Dreadnought,UK,SSN,2,TORP,UK_TORP_Tigerfish,UK_TORP_Tigerfish,TORPEDO,PROBABLE,后期换装线导鱼雷。
UK_SSN_Swiftsure,UK,SSN,5,ASM,US_ASM_Harpoon,US_ASM_Harpoon,MISSILE,PROBABLE,潜射反舰导弹。
UK_SSN_Swiftsure,UK,SSN,5,DECOY,UK_DECOY_SSE_Mk3,UK_DECOY_SSE_Mk3,TORPEDO,PROBABLE,潜用信号发射器。
UK_SSN_Swiftsure,UK,SSN,5,LAM,US_LAM_Tomahawk,US_LAM_Tomahawk_BlockIII,VLS,PROBABLE,部分艇只获得对陆攻击能力。
UK_SSN_Swiftsure,UK,SSN,5,TORP,UK_TORP_Spearfish,UK_TORP_Spearfish,TORPEDO,CONFIRMED,换装重型鱼雷。
UK_SSN_Swiftsure,UK,SSN,5,TORP,UK_TORP_Tigerfish,UK_TORP_Tigerfish,TORPEDO,CONFIRMED,主力线导鱼雷。
UK_SSN_Trafalgar,UK,SSN,6,ASM,US_ASM_Harpoon,US_ASM_Harpoon,MISSILE,PROBABLE,潜射反舰导弹。
UK_SSN_Trafalgar,UK,SSN,6,DECOY,UK_DECOY_SSE_Mk3,UK_DECOY_SSE_Mk3,TORPEDO,PROBABLE,潜用信号发射器。
UK_SSN_Trafalgar,UK,SSN,6,LAM,US_LAM_Tomahawk,US_LAM_Tomahawk_BlockIII,VLS,CONFIRMED,对陆攻击巡航导弹。
UK_SSN_Trafalgar,UK,SSN,6,LAM,US_LAM_Tomahawk,US_LAM_Tomahawk_BlockIV,VLS,PROBABLE,后期换装批次。
UK_SSN_Trafalgar,UK,SSN,6,MINE,UK_MINE_SeaUrchin,UK_MINE_SeaUrchin,TORPEDO,PROBABLE,潜艇布放水雷。
UK_SSN_Trafalgar,UK,SSN,6,TORP,UK_TORP_Spearfish,UK_TORP_Spearfish,TORPEDO,CONFIRMED,主力重型鱼雷。
UK_SSN_Trafalgar,UK,SSN,6,TORP,UK_TORP_StingRay,UK_TORP_StingRay,TORPEDO,GAMEPLAY,公开资料以反潜机与水面舰为主，潜艇发射为游戏内假设。
UK_SSN_Trafalgar,UK,SSN,6,TORP,UK_TORP_Tigerfish,UK_TORP_Tigerfish,TORPEDO,PROBABLE,早期批次仍携带线导鱼雷。
UK_SSN_Valiant,UK,SSN,3,ASM,US_ASM_Harpoon,US_ASM_Harpoon,MISSILE,PROBABLE,公开资料显示部分艇只携带潜射鱼叉。
UK_SSN_Valiant,UK,SSN,3,TORP,UK_TORP_Mk8,UK_TORP_Mk8,TORPEDO,CONFIRMED,早期主力鱼雷。
UK_SSN_Valiant,UK,SSN,3,TORP,UK_TORP_Spearfish,UK_TORP_Spearfish,TORPEDO,PROBABLE,退役前的后期改装。
UK_SSN_Valiant,UK,SSN,3,TORP,UK_TORP_Tigerfish,UK_TORP_Tigerfish,TORPEDO,CONFIRMED,换装线导鱼雷。
US_SSBN_BenjaminFranklin,USA,SSBN,5,SLBM,US_SLBM_Poseidon,US_SLBM_Poseidon_C3,SLBM,CONFIRMED,改装后主力战略武器。
US_SSBN_BenjaminFranklin,USA,SSBN,5,SLBM,US_SLBM_Trident,US_SLBM_Trident_C4,SLBM,PROBABLE,部分艇只改装三叉戟 I，公开资料不完整。
US_SSBN_BenjaminFranklin,USA,SSBN,5,TORP,US_TORP_Mk37,US_TORP_Mk37,TORPEDO,CONFIRMED,自卫鱼雷。
US_SSBN_Columbia,USA,SSBN,10,DECOY,US_DECOY_ADC,US_DECOY_ADC_Mk4,TORPEDO,GAMEPLAY,公开资料未细化，游戏内以现役对抗装置代表该类载荷。
US_SSBN_Columbia,USA,SSBN,10,SLBM,US_SLBM_Trident,US_SLBM_Trident_D5LE,SLBM,CONFIRMED,公开资料确认将搭载 D5LE。
US_SSBN_Columbia,USA,SSBN,10,TORP,US_TORP_Mk48,US_TORP_Mk48_Mod7,TORPEDO,PROBABLE,预计沿用现役鱼雷。
US_SSBN_EthanAllen,USA,SSBN,3,SLBM,US_SLBM_Polaris,US_SLBM_Polaris_A1,SLBM,PROBABLE,早期批次使用 A1。
US_SSBN_EthanAllen,USA,SSBN,3,SLBM,US_SLBM_Polaris,US_SLBM_Polaris_A3,SLBM,CONFIRMED,后期统一换装 A3。
US_SSBN_EthanAllen,USA,SSBN,3,TORP,US_TORP_Mk14,US_TORP_Mk14,TORPEDO,CONFIRMED,自卫鱼雷。
US_SSBN_EthanAllen,USA,SSBN,3,TORP,US_TORP_Mk37,US_TORP_Mk37,TORPEDO,PROBABLE,后期批次换装。
US_SSBN_GeorgeWashington,USA,SSBN,2,SLBM,US_SLBM_Polaris,US_SLBM_Polaris_A1,SLBM,CONFIRMED,首艇批次携带北极星 A1。
US_SSBN_GeorgeWashington,USA,SSBN,2,SLBM,US_SLBM_Polaris,US_SLBM_Polaris_A3,SLBM,CONFIRMED,后期换装 A3。
US_SSBN_GeorgeWashington,USA,SSBN,2,TORP,US_TORP_Mk14,US_TORP_Mk14,TORPEDO,CONFIRMED,自卫鱼雷。
US_SSBN_GeorgeWashington,USA,SSBN,2,TORP,US_TORP_Mk37,US_TORP_Mk37,TORPEDO,PROBABLE,后期批次换装电动反潜鱼雷。
US_SSBN_JamesMadison,USA,SSBN,4,SLBM,US_SLBM_Poseidon,US_SLBM_Poseidon_C3,SLBM,CONFIRMED,改装后主力战略武器。
US_SSBN_JamesMadison,USA,SSBN,4,SLBM,US_SLBM_Trident,US_SLBM_Trident_C4,SLBM,CONFIRMED,部分艇只进一步改装为三叉戟 I。
US_SSBN_JamesMadison,USA,SSBN,4,TORP,US_TORP_Mk37,US_TORP_Mk37,TORPEDO,CONFIRMED,自卫鱼雷。
US_SSBN_Lafayette,USA,SSBN,4,SLBM,US_SLBM_Polaris,US_SLBM_Polaris_A3,SLBM,CONFIRMED,服役初期携带北极星 A3。
US_SSBN_Lafayette,USA,SSBN,4,SLBM,US_SLBM_Poseidon,US_SLBM_Poseidon_C3,SLBM,CONFIRMED,部分艇只改装为海神 C3。
US_SSBN_Lafayette,USA,SSBN,4,TORP,US_TORP_Mk37,US_TORP_Mk37,TORPEDO,CONFIRMED,自卫鱼雷。
US_SSBN_Lafayette,USA,SSBN,4,TORP,US_TORP_Mk48,US_TORP_Mk48,TORPEDO,PROBABLE,后期改装批次可能携带 Mk 48。
US_SSBN_Ohio,USA,SSBN,8,DECOY,US_DECOY_Mk70_MOSS,US_DECOY_Mk70_MOSS,TORPEDO,PROBABLE,自卫诱饵。
US_SSBN_Ohio,USA,SSBN,8,SLBM,US_SLBM_Trident,US_SLBM_Trident_C4,SLBM,CONFIRMED,早期批次携带三叉戟 I。
US_SSBN_Ohio,USA,SSBN,8,SLBM,US_SLBM_Trident,US_SLBM_Trident_D5,SLBM,CONFIRMED,改装后现役战略武器。
US_SSBN_Ohio,USA,SSBN,8,SLBM,US_SLBM_Trident,US_SLBM_Trident_D5LE,SLBM,CONFIRMED,延寿批次。
US_SSBN_Ohio,USA,SSBN,8,TORP,US_TORP_Mk48,US_TORP_Mk48_ADCAP,TORPEDO,CONFIRMED,自卫鱼雷。
US_SSN_LosAngeles,USA,SSN,6,ASM,US_ASM_Harpoon,US_ASM_Harpoon,MISSILE,CONFIRMED,经发射管布放的潜射鱼叉。
US_SSN_LosAngeles,USA,SSN,6,ASW,US_ASW_SUBROC,US_ASW_SUBROC,MISSILE,CONFIRMED,早期批次具备反潜火箭发射能力。
US_SSN_LosAngeles,USA,SSN,6,DECOY,US_DECOY_Mk70_MOSS,US_DECOY_Mk70_MOSS,TORPEDO,PROBABLE,经发射管布放的声学诱饵。
US_SSN_LosAngeles,USA,SSN,6,LAM,US_LAM_Tomahawk,US_LAM_Tomahawk_BlockIII,VLS,CONFIRMED,后期批次带垂直发射装置。
US_SSN_LosAngeles,USA,SSN,6,LAM,US_LAM_Tomahawk,US_LAM_Tomahawk_BlockIV,VLS,CONFIRMED,现役批次换装战术战斧。
US_SSN_LosAngeles,USA,SSN,6,MINE,US_MINE_Mk60_CAPTOR,US_MINE_Mk60_CAPTOR,TORPEDO,PROBABLE,发射管布放封装水雷。
US_SSN_LosAngeles,USA,SSN,6,MINE,US_MINE_Mk67_SLMM,US_MINE_Mk67_SLMM,TORPEDO,PROBABLE,发射管布放机动水雷。
US_SSN_LosAngeles,USA,SSN,6,TORP,US_TORP_Mk48,US_TORP_Mk48,TORPEDO,CONFIRMED,全寿命主力鱼雷。
US_SSN_LosAngeles,USA,SSN,6,TORP,US_TORP_Mk48,US_TORP_Mk48_ADCAP,TORPEDO,CONFIRMED,ADCAP 批次为现役标准配置。
US_SSN_LosAngeles,USA,SSN,6,TORP,US_TORP_Mk48,US_TORP_Mk48_Mod6,TORPEDO,PROBABLE,后期批次随 Mod 6 一起换装。
US_SSN_Seawolf,USA,SSN,8,DECOY,US_DECOY_ADC,US_DECOY_ADC_Mk4,TORPEDO,PROBABLE,现役声学对抗装置，逐艇资料不完整。
US_SSN_Seawolf,USA,SSN,8,DECOY,US_DECOY_Mk70_MOSS,US_DECOY_Mk70_MOSS,TORPEDO,PROBABLE,经发射管布放声学诱饵。
US_SSN_Seawolf,USA,SSN,8,LAM,US_LAM_Tomahawk,US_LAM_Tomahawk_BlockIV,VLS,CONFIRMED,经大口径发射管布放。
US_SSN_Seawolf,USA,SSN,8,MINE,US_MINE_Mk60_CAPTOR,US_MINE_Mk60_CAPTOR,TORPEDO,PROBABLE,大口径发射管可布放封装水雷。
US_SSN_Seawolf,USA,SSN,8,MINE,US_MINE_Mk67_SLMM,US_MINE_Mk67_SLMM,TORPEDO,PROBABLE,发射管布放机动水雷。
US_SSN_Seawolf,USA,SSN,8,TORP,US_TORP_Mk48,US_TORP_Mk48_Mod6,TORPEDO,CONFIRMED,现役标准重型鱼雷。
US_SSN_Seawolf,USA,SSN,8,TORP,US_TORP_Mk48,US_TORP_Mk48_Mod7,TORPEDO,PROBABLE,最新批次鱼雷。
US_SSN_Skipjack,USA,SSN,2,TORP,US_TORP_Mk14,US_TORP_Mk14,TORPEDO,CONFIRMED,服役初期的主力蒸汽鱼雷。
US_SSN_Skipjack,USA,SSN,2,TORP,US_TORP_Mk16,US_TORP_Mk16,TORPEDO,PROBABLE,同代高速蒸汽鱼雷，公开资料未逐艇列出。
US_SSN_Skipjack,USA,SSN,2,TORP,US_TORP_Mk37,US_TORP_Mk37,TORPEDO,CONFIRMED,冷战早期核潜艇标准电动反潜鱼雷。
US_SSN_Skipjack,USA,SSN,2,TORP,US_TORP_Mk48,US_TORP_Mk48,TORPEDO,PROBABLE,退役前的后期改装批次可能换装 Mk 48。
US_SSN_Sturgeon,USA,SSN,4,ASM,US_ASM_Harpoon,US_ASM_Harpoon,MISSILE,PROBABLE,部分艇只改装过潜射鱼叉。
US_SSN_Sturgeon,USA,SSN,4,ASW,US_ASW_SUBROC,US_ASW_SUBROC,MISSILE,CONFIRMED,冷战时期美国核潜艇标准远程反潜武器。
US_SSN_Sturgeon,USA,SSN,4,LAM,US_LAM_Tomahawk,US_LAM_Tomahawk_BlockIII,VLS,PROBABLE,冷战末期部分艇只获得对陆攻击能力。
US_SSN_Sturgeon,USA,SSN,4,TORP,US_TORP_Mk37,US_TORP_Mk37,TORPEDO,CONFIRMED,服役初期主力鱼雷。
US_SSN_Sturgeon,USA,SSN,4,TORP,US_TORP_Mk45,US_TORP_Mk45,TORPEDO,PROBABLE,同代特种反潜鱼雷，逐艇资料不完整。
US_SSN_Sturgeon,USA,SSN,4,TORP,US_TORP_Mk48,US_TORP_Mk48,TORPEDO,CONFIRMED,冷战后期换装 Mk 48。
US_SSN_Virginia,USA,SSN,9,DECOY,US_DECOY_ADC,US_DECOY_ADC_Mk4,TORPEDO,PROBABLE,现役声学对抗装置。
US_SSN_Virginia,USA,SSN,9,DECOY,US_DECOY_ADC,US_DECOY_ADC_Mk5,TORPEDO,PROBABLE,现役声学对抗装置后续批次。
US_SSN_Virginia,USA,SSN,9,DECOY,US_DECOY_Mk70_MOSS,US_DECOY_Mk70_MOSS,TORPEDO,GAMEPLAY,现役诱饵型号未完全公开，游戏内以该型代表该类载荷。
US_SSN_Virginia,USA,SSN,9,LAM,US_LAM_Tomahawk,US_LAM_Tomahawk_BlockIV,VLS,CONFIRMED,垂直发射装置的标准载荷。
US_SSN_Virginia,USA,SSN,9,LAM,US_LAM_Tomahawk,US_LAM_Tomahawk_BlockV,VLS,CONFIRMED,Block V 及后续批次配套弹药。
US_SSN_Virginia,USA,SSN,9,MINE,US_MINE_Mk60_CAPTOR,US_MINE_Mk60_CAPTOR,TORPEDO,PROBABLE,发射管布放水雷任务。
US_SSN_Virginia,USA,SSN,9,MINE,US_MINE_Mk67_SLMM,US_MINE_Mk67_SLMM,TORPEDO,PROBABLE,发射管布放机动水雷。
US_SSN_Virginia,USA,SSN,9,SPECIAL,US_SPECIAL_ASDS,US_SPECIAL_ASDS,SPECIAL,PROBABLE,先进输送系统，公开资料显示服役期有限。
US_SSN_Virginia,USA,SSN,9,SPECIAL,US_SPECIAL_DDS,US_SPECIAL_DDS,SPECIAL,PROBABLE,部分艇只有干式遮蔽舱任务记录。
US_SSN_Virginia,USA,SSN,9,SPECIAL,US_SPECIAL_SDV_Mk8,US_SPECIAL_SDV_Mk8,SPECIAL,PROBABLE,配合遮蔽舱使用的输送载具。
US_SSN_Virginia,USA,SSN,9,TORP,US_TORP_Mk48,US_TORP_Mk48_ADCAP,TORPEDO,PROBABLE,早期批次携带 ADCAP 级别鱼雷。
US_SSN_Virginia,USA,SSN,9,TORP,US_TORP_Mk48,US_TORP_Mk48_Mod6,TORPEDO,CONFIRMED,现役标准重型鱼雷。
US_SSN_Virginia,USA,SSN,9,TORP,US_TORP_Mk48,US_TORP_Mk48_Mod7,TORPEDO,CONFIRMED,新批次鱼雷，公开资料已确认。
